treatment,evalPeriod,usertoken,task1,task2,net
barchart,1,6ZVU5hiB,0.921027,0.847032,-0.074
barchart,1,7EoLeJB8,0.995022,0.995022,0
barchart,1,9ELOvUK7,0.896362,0.8716969999999999,-0.025
barchart,1,aLzBpinz,0.837166,0.72864,-0.109
barchart,1,aR6ZAxSB,0.625047,0.625047,0
barchart,1,ayPyXGjo,0.6990419999999999,0.501722,-0.197
barchart,1,BSl2bHCH,0.797702,0.748372,-0.049
barchart,1,EACALwsH,0.797702,0.797702,0
barchart,1,F9sXiaez,0.896362,0.625047,-0.271
barchart,1,i1ThzWu9,0.600382,0.748372,0.148
barchart,1,I4DYQ30E,0.748372,0.6990419999999999,-0.049
barchart,1,JSjHZMdQ,0.847032,0.896362,0.049
barchart,1,Ks0A1NpT,0.501722,0.847032,0.345
barchart,1,M5LqR4zT,0.847032,0.945692,0.099
barchart,1,mxVQAeko,0.797702,0.896362,0.099
barchart,1,N1Sd7DgS,0.921027,0.797702,-0.123
barchart,1,nJAP5Ncc,0.600382,0.625047,0.025
barchart,1,pfuRg4QJ,0.797702,0.694109,-0.104
barchart,1,Rxuytkvq,0.6990419999999999,0.6990419999999999,0
barchart,1,tPX21tz0,0.501722,0.6990419999999999,0.197
barchart,1,tvLQoi4G,0.945692,0.8716969999999999,-0.074
barchart,1,UjjJWjHQ,0.625047,0.674377,0.049
barchart,1,vY1JF5yT,0.501722,0.501722,0
barchart,1,wk2kZpQp,0.896362,0.625047,-0.271
barchart,1,WpvHJU0u,0.600382,0.6990419999999999,0.099
barchart,1,X4DUFLzy,0.600382,0.748372,0.148
barchart,1,yVncI91m,0.896362,0.896362,0
barchart,5,6ZVU5hiB,0.995022,0.8716969999999999,-0.123
barchart,5,7EoLeJB8,0.9703569999999999,0.8716969999999999,-0.099
barchart,5,9ELOvUK7,0.832233,0.837166,0.005
barchart,5,aLzBpinz,0.615181,0.945692,0.331
barchart,5,aR6ZAxSB,0.748372,0.625047,-0.123
barchart,5,ayPyXGjo,0.551052,0.600382,0.049
barchart,5,BSl2bHCH,0.995022,0.748372,-0.247
barchart,5,EACALwsH,0.8716969999999999,0.797702,-0.074
barchart,5,F9sXiaez,0.8223670000000001,0.6497120000000001,-0.173
barchart,5,i1ThzWu9,0.551052,0.916094,0.365
barchart,5,I4DYQ30E,0.896362,0.896362,0
barchart,5,JSjHZMdQ,0.847032,0.847032,0
barchart,5,Ks0A1NpT,0.847032,0.6990419999999999,-0.148
barchart,5,M5LqR4zT,0.945692,0.921027,-0.025
barchart,5,mxVQAeko,0.995022,0.896362,-0.099
barchart,5,N1Sd7DgS,0.896362,0.763171,-0.133
barchart,5,nJAP5Ncc,0.773037,0.6497120000000001,-0.123
barchart,5,pfuRg4QJ,0.8272999999999999,0.768104,-0.059
barchart,5,Rxuytkvq,0.6990419999999999,0.6497120000000001,-0.049
barchart,5,tPX21tz0,0.847032,0.797702,-0.049
barchart,5,tvLQoi4G,0.896362,0.896362,0
barchart,5,UjjJWjHQ,0.896362,0.625047,-0.271
barchart,5,vY1JF5yT,0.748372,0.501722,-0.247
barchart,5,wk2kZpQp,0.896362,0.6497120000000001,-0.247
barchart,5,WpvHJU0u,0.6497120000000001,0.748372,0.099
barchart,5,X4DUFLzy,0.8716969999999999,0.773037,-0.099
barchart,5,yVncI91m,0.921027,0.896362,-0.025
barchart,10,6ZVU5hiB,0.995022,0.995022,0
barchart,10,7EoLeJB8,0.995022,0.995022,0
barchart,10,9ELOvUK7,0.8075680000000001,0.851965,0.044
barchart,10,aLzBpinz,0.585583,0.600382,0.015
barchart,10,aR6ZAxSB,0.748372,0.6990419999999999,-0.049
barchart,10,ayPyXGjo,0.6497120000000001,0.6990419999999999,0.049
barchart,10,BSl2bHCH,0.797702,0.995022,0.197
barchart,10,EACALwsH,0.896362,0.797702,-0.099
barchart,10,F9sXiaez,0.9703569999999999,0.847032,-0.123
barchart,10,i1ThzWu9,0.955558,0.940759,-0.015
barchart,10,I4DYQ30E,0.896362,0.945692,0.049
barchart,10,JSjHZMdQ,0.797702,0.847032,0.049
barchart,10,Ks0A1NpT,0.6497120000000001,0.945692,0.296
barchart,10,M5LqR4zT,0.945692,0.945692,0
barchart,10,mxVQAeko,0.945692,0.995022,0.049
barchart,10,N1Sd7DgS,0.8223670000000001,0.8223670000000001,0
barchart,10,nJAP5Ncc,0.773037,0.797702,0.025
barchart,10,pfuRg4QJ,0.8716969999999999,0.832233,-0.039
barchart,10,Rxuytkvq,0.896362,0.797702,-0.099
barchart,10,tPX21tz0,0.797702,0.921027,0.123
barchart,10,tvLQoi4G,0.945692,0.896362,-0.049
barchart,10,UjjJWjHQ,0.773037,0.8223670000000001,0.049
barchart,10,vY1JF5yT,0.995022,0.748372,-0.247
barchart,10,wk2kZpQp,0.945692,0.896362,-0.049
barchart,10,WpvHJU0u,0.847032,0.797702,-0.049
barchart,10,X4DUFLzy,0.921027,0.8716969999999999,-0.049
barchart,10,yVncI91m,0.945692,0.921027,-0.025
barchart,15,6ZVU5hiB,0.995022,0.995022,0
barchart,15,7EoLeJB8,0.960491,0.995022,0.035
barchart,15,9ELOvUK7,0.8716969999999999,0.861831,-0.01
barchart,15,aLzBpinz,0.595449,0.58065,-0.015
barchart,15,aR6ZAxSB,0.8716969999999999,0.797702,-0.074
barchart,15,ayPyXGjo,0.6497120000000001,0.6990419999999999,0.049
barchart,15,BSl2bHCH,0.797702,0.995022,0.197
barchart,15,EACALwsH,0.847032,0.8716969999999999,0.025
barchart,15,F9sXiaez,0.995022,0.8223670000000001,-0.173
barchart,15,i1ThzWu9,0.600382,0.955558,0.355
barchart,15,I4DYQ30E,0.896362,0.921027,0.025
barchart,15,JSjHZMdQ,0.896362,0.847032,-0.049
barchart,15,Ks0A1NpT,0.995022,0.847032,-0.148
barchart,15,M5LqR4zT,0.797702,0.945692,0.148
barchart,15,mxVQAeko,0.995022,0.995022,0
barchart,15,N1Sd7DgS,0.921027,0.847032,-0.074
barchart,15,nJAP5Ncc,0.896362,0.797702,-0.099
barchart,15,pfuRg4QJ,0.995022,0.886496,-0.109
barchart,15,Rxuytkvq,0.945692,0.8223670000000001,-0.123
barchart,15,tPX21tz0,0.8716969999999999,0.797702,-0.074
barchart,15,tvLQoi4G,0.995022,0.896362,-0.099
barchart,15,UjjJWjHQ,0.921027,0.797702,-0.123
barchart,15,vY1JF5yT,0.995022,0.995022,0
barchart,15,wk2kZpQp,0.995022,0.896362,-0.099
barchart,15,WpvHJU0u,0.945692,0.8716969999999999,-0.074
barchart,15,X4DUFLzy,0.896362,0.896362,0
barchart,15,yVncI91m,0.8716969999999999,0.896362,0.025
barchart,20,6ZVU5hiB,0.995022,0.995022,0
barchart,20,7EoLeJB8,0.9703569999999999,0.995022,0.025
barchart,20,9ELOvUK7,0.906228,0.921027,0.015
barchart,20,aLzBpinz,0.960491,0.960491,0
barchart,20,aR6ZAxSB,0.945692,0.8716969999999999,-0.074
barchart,20,ayPyXGjo,0.674377,0.797702,0.123
barchart,20,BSl2bHCH,0.797702,0.995022,0.197
barchart,20,EACALwsH,0.9703569999999999,0.896362,-0.074
barchart,20,F9sXiaez,0.945692,0.995022,0.049
barchart,20,i1ThzWu9,0.960491,0.575717,-0.385
barchart,20,I4DYQ30E,0.921027,0.896362,-0.025
barchart,20,JSjHZMdQ,0.896362,0.945692,0.049
barchart,20,Ks0A1NpT,0.896362,0.945692,0.049
barchart,20,M5LqR4zT,0.551052,0.921027,0.37
barchart,20,mxVQAeko,0.995022,0.995022,0
barchart,20,N1Sd7DgS,0.837166,0.847032,0.01
barchart,20,nJAP5Ncc,0.847032,0.847032,0
barchart,20,pfuRg4QJ,0.87663,0.77797,-0.099
barchart,20,Rxuytkvq,0.896362,0.896362,0
barchart,20,tPX21tz0,0.896362,0.896362,0
barchart,20,tvLQoi4G,0.995022,0.995022,0
barchart,20,UjjJWjHQ,0.797702,0.748372,-0.049
barchart,20,vY1JF5yT,0.995022,0.995022,0
barchart,20,wk2kZpQp,0.945692,0.945692,0
barchart,20,WpvHJU0u,0.551052,0.896362,0.345
barchart,20,X4DUFLzy,0.896362,0.896362,0
barchart,20,yVncI91m,0.945692,0.8223670000000001,-0.123
barchart,25,6ZVU5hiB,0.995022,0.995022,0
barchart,25,7EoLeJB8,0.995022,0.847032,-0.148
barchart,25,9ELOvUK7,0.921027,0.8075680000000001,-0.113
barchart,25,aLzBpinz,0.955558,0.955558,0
barchart,25,aR6ZAxSB,0.945692,0.8716969999999999,-0.074
barchart,25,ayPyXGjo,0.945692,0.6990419999999999,-0.247
barchart,25,BSl2bHCH,0.995022,0.995022,0
barchart,25,EACALwsH,0.9703569999999999,0.921027,-0.049
barchart,25,F9sXiaez,0.945692,0.921027,-0.025
barchart,25,i1ThzWu9,0.9703569999999999,0.955558,-0.015
barchart,25,I4DYQ30E,0.847032,0.896362,0.049
barchart,25,JSjHZMdQ,0.896362,0.896362,0
barchart,25,Ks0A1NpT,0.896362,0.847032,-0.049
barchart,25,M5LqR4zT,0.551052,0.921027,0.37
barchart,25,mxVQAeko,0.995022,0.995022,0
barchart,25,N1Sd7DgS,0.773037,0.8716969999999999,0.099
barchart,25,nJAP5Ncc,0.921027,0.896362,-0.025
barchart,25,pfuRg4QJ,0.921027,0.930893,0.01
barchart,25,Rxuytkvq,0.896362,0.847032,-0.049
barchart,25,tPX21tz0,0.896362,0.8716969999999999,-0.025
barchart,25,tvLQoi4G,0.995022,0.995022,0
barchart,25,UjjJWjHQ,0.8223670000000001,0.8223670000000001,0
barchart,25,vY1JF5yT,0.995022,0.995022,0
barchart,25,wk2kZpQp,0.9703569999999999,0.945692,-0.025
barchart,25,WpvHJU0u,0.896362,0.896362,0
barchart,25,X4DUFLzy,0.921027,0.817434,-0.104
barchart,25,yVncI91m,0.921027,0.945692,0.025
barchart,30,6ZVU5hiB,0.995022,0.995022,0
barchart,30,7EoLeJB8,0.995022,0.9703569999999999,-0.025
barchart,30,9ELOvUK7,0.945692,0.8272999999999999,-0.118
barchart,30,aLzBpinz,0.837166,0.72864,-0.109
barchart,30,aR6ZAxSB,0.995022,0.8716969999999999,-0.123
barchart,30,ayPyXGjo,0.945692,0.6497120000000001,-0.296
barchart,30,BSl2bHCH,0.995022,0.995022,0
barchart,30,EACALwsH,0.945692,0.8716969999999999,-0.074
barchart,30,F9sXiaez,0.995022,0.995022,0
barchart,30,i1ThzWu9,0.797702,0.58065,-0.217
barchart,30,I4DYQ30E,0.945692,0.896362,-0.049
barchart,30,JSjHZMdQ,0.896362,0.945692,0.049
barchart,30,Ks0A1NpT,0.995022,0.896362,-0.099
barchart,30,M5LqR4zT,0.896362,0.945692,0.049
barchart,30,mxVQAeko,0.995022,0.995022,0
barchart,30,N1Sd7DgS,0.896362,0.8420989999999999,-0.054
barchart,30,nJAP5Ncc,0.847032,0.8716969999999999,0.025
barchart,30,pfuRg4QJ,0.995022,0.930893,-0.064
barchart,30,Rxuytkvq,0.945692,0.896362,-0.049
barchart,30,tPX21tz0,0.8716969999999999,0.8223670000000001,-0.049
barchart,30,tvLQoi4G,0.995022,0.995022,0
barchart,30,UjjJWjHQ,0.995022,0.797702,-0.197
barchart,30,vY1JF5yT,0.995022,0.995022,0
barchart,30,wk2kZpQp,0.995022,0.896362,-0.099
barchart,30,WpvHJU0u,0.945692,0.8716969999999999,-0.074
barchart,30,X4DUFLzy,0.945692,0.896362,-0.049
barchart,30,yVncI91m,0.8716969999999999,0.945692,0.074
density,1,5LdZf9d2,0.8223670000000001,0.8223670000000001,0
density,1,7oAfixKC,0.625047,0.8716969999999999,0.247
density,1,B2HV6UdE,0.8716969999999999,0.945692,0.074
density,1,benynrvy,0.748372,0.847032,0.099
density,1,CiXTsREp,0.8272999999999999,0.847032,0.02
density,1,CTij7KI0,0.837166,0.9654240000000001,0.128
density,1,ebn3H4dp,0.8223670000000001,0.797702,-0.025
density,1,GbheV3mJ,0.551052,0.600382,0.049
density,1,IhtyQEo6,0.896362,0.600382,-0.296
density,1,irBodiNR,0.6842429999999999,0.723707,0.039
density,1,J68xlxT0,0.748372,0.847032,0.099
density,1,jmulOEyq,0.847032,0.6497120000000001,-0.197
density,1,jWrAFb7o,0.748372,0.847032,0.099
density,1,NoAbJ9SC,0.8223670000000001,0.896362,0.074
density,1,s4Q3qpf8,0.847032,0.600382,-0.247
density,1,T7HR6iyi,0.758238,0.945692,0.187
density,1,ulloPKoy,0.6497120000000001,0.6497120000000001,0
density,1,VrORzmC3,0.501722,0.995022,0.493
density,1,Wx6qtrFR,0.995022,0.995022,0
density,1,xCjrtzRP,0.896362,0.955558,0.059
density,1,ybFQHjKq,0.797702,0.748372,-0.049
density,5,5LdZf9d2,0.847032,0.625047,-0.222
density,5,7oAfixKC,0.995022,0.748372,-0.247
density,5,B2HV6UdE,0.995022,0.945692,-0.049
density,5,benynrvy,0.748372,0.6990419999999999,-0.049
density,5,CiXTsREp,0.945692,0.6497120000000001,-0.296
density,5,CTij7KI0,0.935826,0.950625,0.015
density,5,ebn3H4dp,0.896362,0.674377,-0.222
density,5,GbheV3mJ,0.945692,0.501722,-0.444
density,5,IhtyQEo6,0.847032,0.625047,-0.222
density,5,irBodiNR,0.861831,0.797702,-0.064
density,5,J68xlxT0,0.797702,0.6497120000000001,-0.148
density,5,jmulOEyq,0.847032,0.600382,-0.247
density,5,jWrAFb7o,0.9703569999999999,0.896362,-0.074
density,5,NoAbJ9SC,0.847032,0.6990419999999999,-0.148
density,5,s4Q3qpf8,0.847032,0.748372,-0.099
density,5,T7HR6iyi,0.615181,0.565851,-0.049
density,5,ulloPKoy,0.896362,0.674377,-0.222
density,5,VrORzmC3,0.896362,0.501722,-0.395
density,5,Wx6qtrFR,0.995022,0.995022,0
density,5,xCjrtzRP,0.935826,0.97529,0.039
density,5,ybFQHjKq,0.847032,0.797702,-0.049
density,10,5LdZf9d2,0.8716969999999999,0.797702,-0.074
density,10,7oAfixKC,0.995022,0.945692,-0.049
density,10,B2HV6UdE,0.995022,0.8716969999999999,-0.123
density,10,benynrvy,0.674377,0.797702,0.123
density,10,CiXTsREp,0.935826,0.560918,-0.375
density,10,CTij7KI0,0.585583,0.935826,0.35
density,10,ebn3H4dp,0.797702,0.797702,0
density,10,GbheV3mJ,0.501722,0.748372,0.247
density,10,IhtyQEo6,0.847032,0.600382,-0.247
density,10,irBodiNR,0.6990419999999999,0.6990419999999999,0
density,10,J68xlxT0,0.797702,0.6990419999999999,-0.099
density,10,jmulOEyq,0.600382,0.797702,0.197
density,10,jWrAFb7o,0.896362,0.847032,-0.049
density,10,NoAbJ9SC,0.847032,0.797702,-0.049
density,10,s4Q3qpf8,0.595449,0.847032,0.252
density,10,T7HR6iyi,0.585583,0.9703569999999999,0.385
density,10,ulloPKoy,0.896362,0.995022,0.099
density,10,VrORzmC3,0.896362,0.945692,0.049
density,10,Wx6qtrFR,0.995022,0.995022,0
density,10,xCjrtzRP,0.945692,0.595449,-0.35
density,10,ybFQHjKq,0.797702,0.748372,-0.049
density,15,5LdZf9d2,0.995022,0.995022,0
density,15,7oAfixKC,0.995022,0.995022,0
density,15,B2HV6UdE,0.995022,0.896362,-0.099
density,15,benynrvy,0.797702,0.847032,0.049
density,15,CiXTsREp,0.590516,0.541186,-0.049
density,15,CTij7KI0,0.955558,0.536253,-0.419
density,15,ebn3H4dp,0.797702,0.773037,-0.025
density,15,GbheV3mJ,0.995022,0.748372,-0.247
density,15,IhtyQEo6,0.896362,0.6497120000000001,-0.247
density,15,irBodiNR,0.8125009999999999,0.6990419999999999,-0.113
density,15,J68xlxT0,0.847032,0.6497120000000001,-0.197
density,15,jmulOEyq,0.797702,0.797702,0
density,15,jWrAFb7o,0.995022,0.896362,-0.099
density,15,NoAbJ9SC,0.995022,0.748372,-0.247
density,15,s4Q3qpf8,0.921027,0.847032,-0.074
density,15,T7HR6iyi,0.600382,0.575717,-0.025
density,15,ulloPKoy,0.995022,0.625047,-0.37
density,15,VrORzmC3,0.995022,0.896362,-0.099
density,15,Wx6qtrFR,0.995022,0.995022,0
density,15,xCjrtzRP,0.58065,0.565851,-0.015
density,15,ybFQHjKq,0.847032,0.797702,-0.049
density,20,5LdZf9d2,0.501722,0.847032,0.345
density,20,7oAfixKC,0.995022,0.625047,-0.37
density,20,B2HV6UdE,0.995022,0.995022,0
density,20,benynrvy,0.797702,0.6497120000000001,-0.148
density,20,CiXTsREp,0.960491,0.921027,-0.039
density,20,CTij7KI0,0.595449,0.935826,0.34
density,20,ebn3H4dp,0.8716969999999999,0.797702,-0.074
density,20,GbheV3mJ,0.9703569999999999,0.797702,-0.173
density,20,IhtyQEo6,0.8223670000000001,0.674377,-0.148
density,20,irBodiNR,0.694109,0.600382,-0.094
density,20,J68xlxT0,0.748372,0.748372,0
density,20,jmulOEyq,0.896362,0.600382,-0.296
density,20,jWrAFb7o,0.9703569999999999,0.896362,-0.074
density,20,NoAbJ9SC,0.9703569999999999,0.847032,-0.123
density,20,s4Q3qpf8,0.58065,0.797702,0.217
density,20,T7HR6iyi,0.960491,0.575717,-0.385
density,20,ulloPKoy,0.995022,0.896362,-0.099
density,20,VrORzmC3,0.995022,0.945692,-0.049
density,20,Wx6qtrFR,0.995022,0.501722,-0.493
density,20,xCjrtzRP,0.674377,0.575717,-0.099
density,20,ybFQHjKq,0.847032,0.748372,-0.099
density,25,5LdZf9d2,0.995022,0.847032,-0.148
density,25,7oAfixKC,0.995022,0.995022,0
density,25,B2HV6UdE,0.995022,0.995022,0
density,25,benynrvy,0.847032,0.748372,-0.099
density,25,CiXTsREp,0.610248,0.960491,0.35
density,25,CTij7KI0,0.955558,0.945692,-0.01
density,25,ebn3H4dp,0.896362,0.797702,-0.099
density,25,GbheV3mJ,0.9703569999999999,0.797702,-0.173
density,25,IhtyQEo6,0.896362,0.6990419999999999,-0.197
density,25,irBodiNR,0.659578,0.575717,-0.084
density,25,J68xlxT0,0.797702,0.748372,-0.049
density,25,jmulOEyq,0.945692,0.773037,-0.173
density,25,jWrAFb7o,0.990089,0.896362,-0.094
density,25,NoAbJ9SC,0.921027,0.748372,-0.173
density,25,s4Q3qpf8,0.625047,0.748372,0.123
density,25,T7HR6iyi,0.610248,0.565851,-0.044
density,25,ulloPKoy,0.995022,0.896362,-0.099
density,25,VrORzmC3,0.995022,0.995022,0
density,25,Wx6qtrFR,0.995022,0.748372,-0.247
density,25,xCjrtzRP,0.955558,0.590516,-0.365
density,25,ybFQHjKq,0.748372,0.6990419999999999,-0.049
density,30,5LdZf9d2,0.995022,0.995022,0
density,30,7oAfixKC,0.995022,0.995022,0
density,30,B2HV6UdE,0.995022,0.945692,-0.049
density,30,benynrvy,0.847032,0.748372,-0.099
density,30,CiXTsREp,0.659578,0.546119,-0.113
density,30,CTij7KI0,0.955558,0.541186,-0.414
density,30,ebn3H4dp,0.896362,0.6497120000000001,-0.247
density,30,GbheV3mJ,0.995022,0.551052,-0.444
density,30,IhtyQEo6,0.847032,0.6990419999999999,-0.148
density,30,irBodiNR,0.817434,0.748372,-0.069
density,30,J68xlxT0,0.797702,0.797702,0
density,30,jmulOEyq,0.896362,0.847032,-0.049
density,30,jWrAFb7o,0.995022,0.847032,-0.148
density,30,NoAbJ9SC,0.995022,0.847032,-0.148
density,30,s4Q3qpf8,0.847032,0.6497120000000001,-0.197
density,30,T7HR6iyi,0.590516,0.551052,-0.039
density,30,ulloPKoy,0.995022,0.6990419999999999,-0.296
density,30,VrORzmC3,0.995022,0.995022,0
density,30,Wx6qtrFR,0.995022,0.995022,0
density,30,xCjrtzRP,0.960491,0.565851,-0.395
density,30,ybFQHjKq,0.748372,0.6990419999999999,-0.049
dotplot,1,39ZWzf76,0.723707,0.600382,-0.123
dotplot,1,3HTa4C3w,0.837166,0.9851559999999999,0.148
dotplot,1,3Vuu6iKT,0.501722,0.748372,0.247
dotplot,1,651zZLZY,0.600382,0.6497120000000001,0.049
dotplot,1,990j0a1g,0.837166,0.9851559999999999,0.148
dotplot,1,9guVNGGC,0.847032,0.896362,0.049
dotplot,1,9WnJN1l8,0.625047,0.748372,0.123
dotplot,1,a0v0gmBS,0.748372,0.916094,0.168
dotplot,1,BdNwuYY3,0.6497120000000001,0.501722,-0.148
dotplot,1,biD53yQS,0.600382,0.501722,-0.099
dotplot,1,Es5ER1YT,0.748372,0.748372,0
dotplot,1,Ezv2ERqp,0.560918,0.92596,0.365
dotplot,1,FCqfkdPd,0.501722,0.8223670000000001,0.321
dotplot,1,HYZzEL2u,0.551052,0.600382,0.049
dotplot,1,KJtTnWx0,0.6990419999999999,0.797702,0.099
dotplot,1,kNKuLFG1,0.625047,0.896362,0.271
dotplot,1,lNOCYGhO,0.575717,0.847032,0.271
dotplot,1,LxXewOKB,0.674377,0.773037,0.099
dotplot,1,M45OaFvP,0.575717,0.526387,-0.049
dotplot,1,n0Sc4wcz,0.995022,0.501722,-0.493
dotplot,1,n2ToGPvU,0.797702,0.797702,0
dotplot,1,oUs9Mfce,0.847032,0.551052,-0.296
dotplot,1,pTQ62b0l,0.797702,0.748372,-0.049
dotplot,1,qEtWBV4q,0.748372,0.748372,0
dotplot,1,qjKh7UVK,0.916094,0.506655,-0.409
dotplot,1,qrOdbxJw,0.501722,0.501722,0
dotplot,1,rcY6S9oO,0.995022,0.8716969999999999,-0.123
dotplot,1,VdYpbJUh,0.995022,0.995022,0
dotplot,1,xjaSiYlq,0.6990419999999999,0.560918,-0.138
dotplot,5,39ZWzf76,0.748372,0.6990419999999999,-0.049
dotplot,5,3HTa4C3w,0.615181,0.9703569999999999,0.355
dotplot,5,3Vuu6iKT,0.748372,0.6497120000000001,-0.099
dotplot,5,651zZLZY,0.9703569999999999,0.8716969999999999,-0.099
dotplot,5,990j0a1g,0.615181,0.526387,-0.089
dotplot,5,9guVNGGC,0.847032,0.6497120000000001,-0.197
dotplot,5,9WnJN1l8,0.8716969999999999,0.625047,-0.247
dotplot,5,a0v0gmBS,0.995022,0.748372,-0.247
dotplot,5,BdNwuYY3,0.896362,0.6497120000000001,-0.247
dotplot,5,biD53yQS,0.945692,0.797702,-0.148
dotplot,5,Es5ER1YT,0.995022,0.575717,-0.419
dotplot,5,Ezv2ERqp,0.935826,0.570784,-0.365
dotplot,5,FCqfkdPd,0.8716969999999999,0.674377,-0.197
dotplot,5,HYZzEL2u,0.600382,0.945692,0.345
dotplot,5,KJtTnWx0,0.748372,0.8223670000000001,0.074
dotplot,5,kNKuLFG1,0.896362,0.6497120000000001,-0.247
dotplot,5,lNOCYGhO,0.600382,0.674377,0.074
dotplot,5,LxXewOKB,0.837166,0.6497120000000001,-0.187
dotplot,5,M45OaFvP,0.501722,0.501722,0
dotplot,5,n0Sc4wcz,0.995022,0.501722,-0.493
dotplot,5,n2ToGPvU,0.8716969999999999,0.6990419999999999,-0.173
dotplot,5,oUs9Mfce,0.797702,0.797702,0
dotplot,5,pTQ62b0l,0.945692,0.847032,-0.099
dotplot,5,qEtWBV4q,0.8716969999999999,0.625047,-0.247
dotplot,5,qjKh7UVK,0.555985,0.9703569999999999,0.414
dotplot,5,qrOdbxJw,0.748372,0.501722,-0.247
dotplot,5,rcY6S9oO,0.995022,0.625047,-0.37
dotplot,5,VdYpbJUh,0.995022,0.995022,0
dotplot,5,xjaSiYlq,0.748372,0.748372,0
dotplot,10,39ZWzf76,0.896362,0.600382,-0.296
dotplot,10,3HTa4C3w,0.945692,0.526387,-0.419
dotplot,10,3Vuu6iKT,0.8716969999999999,0.748372,-0.123
dotplot,10,651zZLZY,0.945692,0.995022,0.049
dotplot,10,990j0a1g,0.58065,0.516521,-0.064
dotplot,10,9guVNGGC,0.945692,0.896362,-0.049
dotplot,10,9WnJN1l8,0.8716969999999999,0.995022,0.123
dotplot,10,a0v0gmBS,0.995022,0.501722,-0.493
dotplot,10,BdNwuYY3,0.847032,0.847032,0
dotplot,10,biD53yQS,0.995022,0.945692,-0.049
dotplot,10,Es5ER1YT,0.995022,0.896362,-0.099
dotplot,10,Ezv2ERqp,0.930893,0.911161,-0.02
dotplot,10,FCqfkdPd,0.847032,0.8223670000000001,-0.025
dotplot,10,HYZzEL2u,0.600382,0.748372,0.148
dotplot,10,KJtTnWx0,0.600382,0.847032,0.247
dotplot,10,kNKuLFG1,0.6990419999999999,0.955558,0.257
dotplot,10,lNOCYGhO,0.551052,0.748372,0.197
dotplot,10,LxXewOKB,0.8223670000000001,0.723707,-0.099
dotplot,10,M45OaFvP,0.995022,0.773037,-0.222
dotplot,10,n0Sc4wcz,0.995022,0.501722,-0.493
dotplot,10,n2ToGPvU,0.797702,0.847032,0.049
dotplot,10,oUs9Mfce,0.797702,0.6497120000000001,-0.148
dotplot,10,pTQ62b0l,0.995022,0.995022,0
dotplot,10,qEtWBV4q,0.8716969999999999,0.8716969999999999,0
dotplot,10,qjKh7UVK,0.546119,0.9654240000000001,0.419
dotplot,10,qrOdbxJw,0.501722,0.501722,0
dotplot,10,rcY6S9oO,0.995022,0.995022,0
dotplot,10,VdYpbJUh,0.995022,0.995022,0
dotplot,10,xjaSiYlq,0.896362,0.600382,-0.296
dotplot,15,39ZWzf76,0.847032,0.6990419999999999,-0.148
dotplot,15,3HTa4C3w,0.950625,0.97529,0.025
dotplot,15,3Vuu6iKT,0.995022,0.551052,-0.444
dotplot,15,651zZLZY,0.995022,0.995022,0
dotplot,15,990j0a1g,0.600382,0.526387,-0.074
dotplot,15,9guVNGGC,0.9703569999999999,0.921027,-0.049
dotplot,15,9WnJN1l8,0.995022,0.896362,-0.099
dotplot,15,a0v0gmBS,0.995022,0.995022,0
dotplot,15,BdNwuYY3,0.995022,0.995022,0
dotplot,15,biD53yQS,0.995022,0.551052,-0.444
dotplot,15,Es5ER1YT,0.995022,0.847032,-0.148
dotplot,15,Ezv2ERqp,0.921027,0.921027,0
dotplot,15,FCqfkdPd,0.995022,0.501722,-0.493
dotplot,15,HYZzEL2u,0.6990419999999999,0.674377,-0.025
dotplot,15,KJtTnWx0,0.945692,0.625047,-0.321
dotplot,15,kNKuLFG1,0.8223670000000001,0.921027,0.099
dotplot,15,lNOCYGhO,0.995022,0.748372,-0.247
dotplot,15,LxXewOKB,0.945692,0.768104,-0.178
dotplot,15,M45OaFvP,0.921027,0.600382,-0.321
dotplot,15,n0Sc4wcz,0.995022,0.6990419999999999,-0.296
dotplot,15,n2ToGPvU,0.896362,0.847032,-0.049
dotplot,15,oUs9Mfce,0.797702,0.797702,0
dotplot,15,pTQ62b0l,0.995022,0.896362,-0.099
dotplot,15,qEtWBV4q,0.995022,0.921027,-0.074
dotplot,15,qjKh7UVK,0.551052,0.516521,-0.035
dotplot,15,qrOdbxJw,0.995022,0.501722,-0.493
dotplot,15,rcY6S9oO,0.995022,0.995022,0
dotplot,15,VdYpbJUh,0.995022,0.995022,0
dotplot,15,xjaSiYlq,0.748372,0.551052,-0.197
dotplot,20,39ZWzf76,0.748372,0.847032,0.099
dotplot,20,3HTa4C3w,0.595449,0.9851559999999999,0.39
dotplot,20,3Vuu6iKT,0.8716969999999999,0.575717,-0.296
dotplot,20,651zZLZY,0.995022,0.921027,-0.074
dotplot,20,990j0a1g,0.58065,0.9703569999999999,0.39
dotplot,20,9guVNGGC,0.995022,0.945692,-0.049
dotplot,20,9WnJN1l8,0.945692,0.945692,0
dotplot,20,a0v0gmBS,0.995022,0.995022,0
dotplot,20,BdNwuYY3,0.896362,0.995022,0.099
dotplot,20,biD53yQS,0.995022,0.6990419999999999,-0.296
dotplot,20,Es5ER1YT,0.995022,0.797702,-0.197
dotplot,20,Ezv2ERqp,0.58065,0.930893,0.35
dotplot,20,FCqfkdPd,0.945692,0.995022,0.049
dotplot,20,HYZzEL2u,0.6990419999999999,0.6990419999999999,0
dotplot,20,KJtTnWx0,0.773037,0.6990419999999999,-0.074
dotplot,20,kNKuLFG1,0.6497120000000001,0.847032,0.197
dotplot,20,lNOCYGhO,0.8716969999999999,0.797702,-0.074
dotplot,20,LxXewOKB,0.87663,0.8223670000000001,-0.054
dotplot,20,M45OaFvP,0.995022,0.9703569999999999,-0.025
dotplot,20,n0Sc4wcz,0.995022,0.995022,0
dotplot,20,n2ToGPvU,0.896362,0.797702,-0.099
dotplot,20,oUs9Mfce,0.945692,0.896362,-0.049
dotplot,20,pTQ62b0l,0.995022,0.896362,-0.099
dotplot,20,qEtWBV4q,0.8716969999999999,0.8716969999999999,0
dotplot,20,qjKh7UVK,0.560918,0.536253,-0.025
dotplot,20,qrOdbxJw,0.501722,0.501722,0
dotplot,20,rcY6S9oO,0.995022,0.995022,0
dotplot,20,VdYpbJUh,0.995022,0.995022,0
dotplot,20,xjaSiYlq,0.847032,0.797702,-0.049
dotplot,25,39ZWzf76,0.6497120000000001,0.748372,0.099
dotplot,25,3HTa4C3w,0.955558,0.551052,-0.405
dotplot,25,3Vuu6iKT,0.8716969999999999,0.995022,0.123
dotplot,25,651zZLZY,0.995022,0.9703569999999999,-0.025
dotplot,25,990j0a1g,0.960491,0.9703569999999999,0.01
dotplot,25,9guVNGGC,0.995022,0.945692,-0.049
dotplot,25,9WnJN1l8,0.995022,0.995022,0
dotplot,25,a0v0gmBS,0.995022,0.995022,0
dotplot,25,BdNwuYY3,0.995022,0.995022,0
dotplot,25,biD53yQS,0.995022,0.945692,-0.049
dotplot,25,Es5ER1YT,0.995022,0.945692,-0.049
dotplot,25,Ezv2ERqp,0.560918,0.916094,0.355
dotplot,25,FCqfkdPd,0.995022,0.896362,-0.099
dotplot,25,HYZzEL2u,0.748372,0.723707,-0.025
dotplot,25,KJtTnWx0,0.896362,0.6990419999999999,-0.197
dotplot,25,kNKuLFG1,0.773037,0.600382,-0.173
dotplot,25,lNOCYGhO,0.551052,0.501722,-0.049
dotplot,25,LxXewOKB,0.8716969999999999,0.773037,-0.099
dotplot,25,M45OaFvP,0.995022,0.945692,-0.049
dotplot,25,n0Sc4wcz,0.995022,0.995022,0
dotplot,25,n2ToGPvU,0.8716969999999999,0.797702,-0.074
dotplot,25,oUs9Mfce,0.995022,0.600382,-0.395
dotplot,25,pTQ62b0l,0.995022,0.995022,0
dotplot,25,qEtWBV4q,0.8716969999999999,0.748372,-0.123
dotplot,25,qjKh7UVK,0.9654240000000001,0.9851559999999999,0.02
dotplot,25,qrOdbxJw,0.600382,0.501722,-0.099
dotplot,25,rcY6S9oO,0.995022,0.995022,0
dotplot,25,VdYpbJUh,0.995022,0.995022,0
dotplot,25,xjaSiYlq,0.6990419999999999,0.797702,0.099
dotplot,30,39ZWzf76,0.6990419999999999,0.797702,0.099
dotplot,30,3HTa4C3w,0.590516,0.551052,-0.039
dotplot,30,3Vuu6iKT,0.995022,0.9703569999999999,-0.025
dotplot,30,651zZLZY,0.995022,0.945692,-0.049
dotplot,30,990j0a1g,0.585583,0.9703569999999999,0.385
dotplot,30,9guVNGGC,0.995022,0.847032,-0.148
dotplot,30,9WnJN1l8,0.995022,0.945692,-0.049
dotplot,30,a0v0gmBS,0.995022,0.995022,0
dotplot,30,BdNwuYY3,0.995022,0.995022,0
dotplot,30,biD53yQS,0.995022,0.921027,-0.074
dotplot,30,Es5ER1YT,0.995022,0.847032,-0.148
dotplot,30,Ezv2ERqp,0.575717,0.560918,-0.015
dotplot,30,FCqfkdPd,0.995022,0.8716969999999999,-0.123
dotplot,30,HYZzEL2u,0.674377,0.847032,0.173
dotplot,30,KJtTnWx0,0.896362,0.625047,-0.271
dotplot,30,kNKuLFG1,0.6497120000000001,0.575717,-0.074
dotplot,30,lNOCYGhO,0.896362,0.748372,-0.148
dotplot,30,LxXewOKB,0.8716969999999999,0.8223670000000001,-0.049
dotplot,30,M45OaFvP,0.995022,0.945692,-0.049
dotplot,30,n0Sc4wcz,0.995022,0.995022,0
dotplot,30,n2ToGPvU,0.896362,0.8716969999999999,-0.025
dotplot,30,oUs9Mfce,0.995022,0.501722,-0.493
dotplot,30,pTQ62b0l,0.995022,0.995022,0
dotplot,30,qEtWBV4q,0.995022,0.748372,-0.247
dotplot,30,qjKh7UVK,0.847032,0.97529,0.128
dotplot,30,qrOdbxJw,0.995022,0.501722,-0.493
dotplot,30,rcY6S9oO,0.995022,0.995022,0
dotplot,30,VdYpbJUh,0.995022,0.995022,0
dotplot,30,xjaSiYlq,0.600382,0.674377,0.074
hops,1,0kdSrEo1,0.6497120000000001,0.575717,-0.074
hops,1,140n4mbs,0.551052,0.748372,0.197
hops,1,1C6DBLUa,0.950625,0.590516,-0.36
hops,1,8ObNrSLP,0.8716969999999999,0.551052,-0.321
hops,1,bD48Dkqx,0.6990419999999999,0.6990419999999999,0
hops,1,eQFXhCnI,0.644779,0.551052,-0.094
hops,1,hFWAcYms,0.773037,0.595449,-0.178
hops,1,IsnM1aVU,0.551052,0.501722,-0.049
hops,1,ISxZ2FH5,0.6497120000000001,0.6497120000000001,0
hops,1,L7SBxoYt,0.847032,0.797702,-0.049
hops,1,MDgpushP,0.995022,0.748372,-0.247
hops,1,NtGf92sF,0.797702,0.526387,-0.271
hops,1,RGkwBCD7,0.930893,0.896362,-0.035
hops,1,rk3wPfU9,0.797702,0.600382,-0.197
hops,1,rvf4nZOP,0.832233,0.501722,-0.331
hops,1,tQDYxZ81,0.945692,0.847032,-0.099
hops,1,UhLgT1NF,0.896362,0.797702,-0.099
hops,1,UJcVd2TG,0.995022,0.995022,0
hops,1,WeLeVmdO,0.92596,0.773037,-0.153
hops,1,YGmVXctb,0.9802230000000001,0.955558,-0.025
hops,1,ZAoHkw0a,0.901295,0.945692,0.044
hops,5,0kdSrEo1,0.945692,0.9703569999999999,0.025
hops,5,140n4mbs,0.797702,0.847032,0.049
hops,5,1C6DBLUa,0.526387,0.53132,0.005
hops,5,8ObNrSLP,0.896362,0.625047,-0.271
hops,5,bD48Dkqx,0.896362,0.896362,0
hops,5,eQFXhCnI,0.694109,0.9703569999999999,0.276
hops,5,hFWAcYms,0.644779,0.674377,0.03
hops,5,IsnM1aVU,0.995022,0.748372,-0.247
hops,5,ISxZ2FH5,0.8223670000000001,0.797702,-0.025
hops,5,L7SBxoYt,0.847032,0.797702,-0.049
hops,5,MDgpushP,0.9703569999999999,0.748372,-0.222
hops,5,NtGf92sF,0.847032,0.600382,-0.247
hops,5,RGkwBCD7,0.551052,0.748372,0.197
hops,5,rk3wPfU9,0.945692,0.600382,-0.345
hops,5,rvf4nZOP,0.896362,0.501722,-0.395
hops,5,tQDYxZ81,0.995022,0.797702,-0.197
hops,5,UhLgT1NF,0.995022,0.501722,-0.493
hops,5,UJcVd2TG,0.995022,0.995022,0
hops,5,WeLeVmdO,0.8716969999999999,0.881563,0.01
hops,5,YGmVXctb,0.97529,0.53132,-0.444
hops,5,ZAoHkw0a,0.945692,0.896362,-0.049
hops,10,0kdSrEo1,0.945692,0.6497120000000001,-0.296
hops,10,140n4mbs,0.847032,0.797702,-0.049
hops,10,1C6DBLUa,0.511588,0.526387,0.015
hops,10,8ObNrSLP,0.896362,0.847032,-0.049
hops,10,bD48Dkqx,0.6990419999999999,0.847032,0.148
hops,10,eQFXhCnI,0.866764,0.575717,-0.291
hops,10,hFWAcYms,0.748372,0.817434,0.069
hops,10,IsnM1aVU,0.995022,0.995022,0
hops,10,ISxZ2FH5,0.896362,0.748372,-0.148
hops,10,L7SBxoYt,0.896362,0.748372,-0.148
hops,10,MDgpushP,0.945692,0.6990419999999999,-0.247
hops,10,NtGf92sF,0.8223670000000001,0.6497120000000001,-0.173
hops,10,RGkwBCD7,0.77797,0.896362,0.118
hops,10,rk3wPfU9,0.6497120000000001,0.501722,-0.148
hops,10,rvf4nZOP,0.832233,0.501722,-0.331
hops,10,tQDYxZ81,0.945692,0.896362,-0.049
hops,10,UhLgT1NF,0.995022,0.945692,-0.049
hops,10,UJcVd2TG,0.995022,0.995022,0
hops,10,WeLeVmdO,0.77797,0.600382,-0.178
hops,10,YGmVXctb,0.516521,0.9654240000000001,0.449
hops,10,ZAoHkw0a,0.995022,0.945692,-0.049
hops,15,0kdSrEo1,0.995022,0.6497120000000001,-0.345
hops,15,140n4mbs,0.748372,0.847032,0.099
hops,15,1C6DBLUa,0.58065,0.960491,0.38
hops,15,8ObNrSLP,0.995022,0.896362,-0.099
hops,15,bD48Dkqx,0.896362,0.797702,-0.099
hops,15,eQFXhCnI,0.861831,0.595449,-0.266
hops,15,hFWAcYms,0.67931,0.921027,0.242
hops,15,IsnM1aVU,0.995022,0.995022,0
hops,15,ISxZ2FH5,0.995022,0.896362,-0.099
hops,15,L7SBxoYt,0.896362,0.847032,-0.049
hops,15,MDgpushP,0.995022,0.847032,-0.148
hops,15,NtGf92sF,0.945692,0.896362,-0.049
hops,15,RGkwBCD7,0.9654240000000001,0.6497120000000001,-0.316
hops,15,rk3wPfU9,0.6990419999999999,0.6497120000000001,-0.049
hops,15,rvf4nZOP,0.995022,0.501722,-0.493
hops,15,tQDYxZ81,0.995022,0.995022,0
hops,15,UhLgT1NF,0.995022,0.847032,-0.148
hops,15,UJcVd2TG,0.995022,0.995022,0
hops,15,WeLeVmdO,0.930893,0.6497120000000001,-0.281
hops,15,YGmVXctb,0.526387,0.9654240000000001,0.439
hops,15,ZAoHkw0a,0.995022,0.990089,-0.005
hops,20,0kdSrEo1,0.9703569999999999,0.995022,0.025
hops,20,140n4mbs,0.847032,0.797702,-0.049
hops,20,1C6DBLUa,0.97529,0.53132,-0.444
hops,20,8ObNrSLP,0.995022,0.797702,-0.197
hops,20,bD48Dkqx,0.847032,0.896362,0.049
hops,20,eQFXhCnI,0.768104,0.72864,-0.039
hops,20,hFWAcYms,0.738506,0.851965,0.113
hops,20,IsnM1aVU,0.995022,0.896362,-0.099
hops,20,ISxZ2FH5,0.945692,0.8223670000000001,-0.123
hops,20,L7SBxoYt,0.945692,0.797702,-0.148
hops,20,MDgpushP,0.9703569999999999,0.896362,-0.074
hops,20,NtGf92sF,0.6497120000000001,0.6990419999999999,0.049
hops,20,RGkwBCD7,0.955558,0.945692,-0.01
hops,20,rk3wPfU9,0.847032,0.896362,0.049
hops,20,rvf4nZOP,0.896362,0.501722,-0.395
hops,20,tQDYxZ81,0.995022,0.995022,0
hops,20,UhLgT1NF,0.995022,0.847032,-0.148
hops,20,UJcVd2TG,0.995022,0.995022,0
hops,20,WeLeVmdO,0.8716969999999999,0.832233,-0.039
hops,20,YGmVXctb,0.53132,0.9703569999999999,0.439
hops,20,ZAoHkw0a,0.995022,0.501722,-0.493
hops,25,0kdSrEo1,0.995022,0.9703569999999999,-0.025
hops,25,140n4mbs,0.896362,0.748372,-0.148
hops,25,1C6DBLUa,0.546119,0.990089,0.444
hops,25,8ObNrSLP,0.995022,0.847032,-0.148
hops,25,bD48Dkqx,0.847032,0.847032,0
hops,25,eQFXhCnI,0.6990419999999999,0.546119,-0.153
hops,25,hFWAcYms,0.625047,0.600382,-0.025
hops,25,IsnM1aVU,0.995022,0.995022,0
hops,25,ISxZ2FH5,0.921027,0.896362,-0.025
hops,25,L7SBxoYt,0.847032,0.625047,-0.222
hops,25,MDgpushP,0.995022,0.9703569999999999,-0.025
hops,25,NtGf92sF,0.921027,0.8716969999999999,-0.049
hops,25,RGkwBCD7,0.9851559999999999,0.8716969999999999,-0.113
hops,25,rk3wPfU9,0.896362,0.896362,0
hops,25,rvf4nZOP,0.896362,0.501722,-0.395
hops,25,tQDYxZ81,0.995022,0.995022,0
hops,25,UhLgT1NF,0.995022,0.6990419999999999,-0.296
hops,25,UJcVd2TG,0.995022,0.995022,0
hops,25,WeLeVmdO,0.87663,0.748372,-0.128
hops,25,YGmVXctb,0.97529,0.536253,-0.439
hops,25,ZAoHkw0a,0.990089,0.945692,-0.044
hops,30,0kdSrEo1,0.995022,0.600382,-0.395
hops,30,140n4mbs,0.896362,0.6990419999999999,-0.197
hops,30,1C6DBLUa,0.541186,0.921027,0.38
hops,30,8ObNrSLP,0.995022,0.8716969999999999,-0.123
hops,30,bD48Dkqx,0.995022,0.847032,-0.148
hops,30,eQFXhCnI,0.590516,0.560918,-0.03
hops,30,hFWAcYms,0.8223670000000001,0.773037,-0.049
hops,30,IsnM1aVU,0.995022,0.995022,0
hops,30,ISxZ2FH5,0.995022,0.797702,-0.197
hops,30,L7SBxoYt,0.797702,0.797702,0
hops,30,MDgpushP,0.995022,0.945692,-0.049
hops,30,NtGf92sF,0.945692,0.896362,-0.049
hops,30,RGkwBCD7,0.555985,0.708908,0.153
hops,30,rk3wPfU9,0.995022,0.896362,-0.099
hops,30,rvf4nZOP,0.995022,0.501722,-0.493
hops,30,tQDYxZ81,0.995022,0.995022,0
hops,30,UhLgT1NF,0.995022,0.995022,0
hops,30,UJcVd2TG,0.995022,0.995022,0
hops,30,WeLeVmdO,0.8223670000000001,0.847032,0.025
hops,30,YGmVXctb,0.516521,0.521454,0.005
hops,30,ZAoHkw0a,0.995022,0.995022,0
hopsdist,1,1CxbYDi0,0.8716969999999999,0.896362,0.025
hopsdist,1,3a63mASS,0.896362,0.847032,-0.049
hopsdist,1,7ucyRcab,0.797702,0.797702,0
hopsdist,1,7VJnbhrH,0.896362,0.797702,-0.099
hopsdist,1,8dTEvjO4,0.600382,0.797702,0.197
hopsdist,1,ApM8otwl,0.797702,0.6990419999999999,-0.099
hopsdist,1,AWr1hgkv,0.995022,0.995022,0
hopsdist,1,AxjtwqAS,0.797702,0.6990419999999999,-0.099
hopsdist,1,bfKHFfR8,0.551052,0.6990419999999999,0.148
hopsdist,1,bvD5GSTE,0.501722,0.501722,0
hopsdist,1,EQKY3iUK,0.797702,0.6990419999999999,-0.099
hopsdist,1,ERf7L7VX,0.501722,0.501722,0
hopsdist,1,F5VIGNAk,0.8716969999999999,0.797702,-0.074
hopsdist,1,Fk9KAr2Z,0.625047,0.600382,-0.025
hopsdist,1,g88DapTc,0.945692,0.501722,-0.444
hopsdist,1,hnADzc3k,0.797702,0.575717,-0.222
hopsdist,1,jjVRkJbo,0.847032,0.896362,0.049
hopsdist,1,JRSkVids,0.921027,0.921027,0
hopsdist,1,LiUSBIbs,0.551052,0.748372,0.197
hopsdist,1,qw7Y3WE6,0.625047,0.610248,-0.015
hopsdist,1,RJ0yK39m,0.8716969999999999,0.625047,-0.247
hopsdist,1,TLjfV7aD,0.6990419999999999,0.797702,0.099
hopsdist,5,1CxbYDi0,0.945692,0.6497120000000001,-0.296
hopsdist,5,3a63mASS,0.945692,0.6497120000000001,-0.296
hopsdist,5,7ucyRcab,0.8716969999999999,0.674377,-0.197
hopsdist,5,7VJnbhrH,0.945692,0.748372,-0.197
hopsdist,5,8dTEvjO4,0.797702,0.6990419999999999,-0.099
hopsdist,5,ApM8otwl,0.797702,0.600382,-0.197
hopsdist,5,AWr1hgkv,0.995022,0.995022,0
hopsdist,5,AxjtwqAS,0.8716969999999999,0.773037,-0.099
hopsdist,5,bfKHFfR8,0.6990419999999999,0.6497120000000001,-0.049
hopsdist,5,bvD5GSTE,0.501722,0.501722,0
hopsdist,5,EQKY3iUK,0.797702,0.6990419999999999,-0.099
hopsdist,5,ERf7L7VX,0.8716969999999999,0.501722,-0.37
hopsdist,5,F5VIGNAk,0.945692,0.945692,0
hopsdist,5,Fk9KAr2Z,0.945692,0.847032,-0.099
hopsdist,5,g88DapTc,0.896362,0.600382,-0.296
hopsdist,5,hnADzc3k,0.921027,0.600382,-0.321
hopsdist,5,jjVRkJbo,0.896362,0.797702,-0.099
hopsdist,5,JRSkVids,0.8716969999999999,0.8716969999999999,0
hopsdist,5,LiUSBIbs,0.501722,0.6990419999999999,0.197
hopsdist,5,qw7Y3WE6,0.8716969999999999,0.526387,-0.345
hopsdist,5,RJ0yK39m,0.9703569999999999,0.945692,-0.025
hopsdist,5,TLjfV7aD,0.847032,0.896362,0.049
hopsdist,10,1CxbYDi0,0.896362,0.797702,-0.099
hopsdist,10,3a63mASS,0.990089,0.9703569999999999,-0.02
hopsdist,10,7ucyRcab,0.797702,0.797702,0
hopsdist,10,7VJnbhrH,0.945692,0.797702,-0.148
hopsdist,10,8dTEvjO4,0.8223670000000001,0.847032,0.025
hopsdist,10,ApM8otwl,0.797702,0.896362,0.099
hopsdist,10,AWr1hgkv,0.995022,0.995022,0
hopsdist,10,AxjtwqAS,0.847032,0.896362,0.049
hopsdist,10,bfKHFfR8,0.575717,0.625047,0.049
hopsdist,10,bvD5GSTE,0.995022,0.501722,-0.493
hopsdist,10,EQKY3iUK,0.8125009999999999,0.610248,-0.202
hopsdist,10,ERf7L7VX,0.8716969999999999,0.625047,-0.247
hopsdist,10,F5VIGNAk,0.921027,0.945692,0.025
hopsdist,10,Fk9KAr2Z,0.921027,0.896362,-0.025
hopsdist,10,g88DapTc,0.945692,0.847032,-0.099
hopsdist,10,hnADzc3k,0.945692,0.8716969999999999,-0.074
hopsdist,10,jjVRkJbo,0.8716969999999999,0.896362,0.025
hopsdist,10,JRSkVids,0.896362,0.921027,0.025
hopsdist,10,LiUSBIbs,0.995022,0.6497120000000001,-0.345
hopsdist,10,qw7Y3WE6,0.896362,0.575717,-0.321
hopsdist,10,RJ0yK39m,0.995022,0.995022,0
hopsdist,10,TLjfV7aD,0.748372,0.847032,0.099
hopsdist,15,1CxbYDi0,0.847032,0.748372,-0.099
hopsdist,15,3a63mASS,0.945692,0.6497120000000001,-0.296
hopsdist,15,7ucyRcab,0.896362,0.723707,-0.173
hopsdist,15,7VJnbhrH,0.921027,0.847032,-0.074
hopsdist,15,8dTEvjO4,0.995022,0.896362,-0.099
hopsdist,15,ApM8otwl,0.847032,0.6497120000000001,-0.197
hopsdist,15,AWr1hgkv,0.995022,0.995022,0
hopsdist,15,AxjtwqAS,0.8716969999999999,0.847032,-0.025
hopsdist,15,bfKHFfR8,0.896362,0.6990419999999999,-0.197
hopsdist,15,bvD5GSTE,0.995022,0.995022,0
hopsdist,15,EQKY3iUK,0.8223670000000001,0.639846,-0.183
hopsdist,15,ERf7L7VX,0.995022,0.748372,-0.247
hopsdist,15,F5VIGNAk,0.896362,0.945692,0.049
hopsdist,15,Fk9KAr2Z,0.9703569999999999,0.847032,-0.123
hopsdist,15,g88DapTc,0.995022,0.896362,-0.099
hopsdist,15,hnADzc3k,0.9703569999999999,0.8223670000000001,-0.148
hopsdist,15,jjVRkJbo,0.847032,0.797702,-0.049
hopsdist,15,JRSkVids,0.8716969999999999,0.921027,0.049
hopsdist,15,LiUSBIbs,0.945692,0.600382,-0.345
hopsdist,15,qw7Y3WE6,0.9703569999999999,0.9703569999999999,0
hopsdist,15,RJ0yK39m,0.995022,0.8716969999999999,-0.123
hopsdist,15,TLjfV7aD,0.797702,0.8716969999999999,0.074
hopsdist,20,1CxbYDi0,0.896362,0.847032,-0.049
hopsdist,20,3a63mASS,0.995022,0.551052,-0.444
hopsdist,20,7ucyRcab,0.847032,0.773037,-0.074
hopsdist,20,7VJnbhrH,0.945692,0.896362,-0.049
hopsdist,20,8dTEvjO4,0.995022,0.847032,-0.148
hopsdist,20,ApM8otwl,0.896362,0.6497120000000001,-0.247
hopsdist,20,AWr1hgkv,0.995022,0.995022,0
hopsdist,20,AxjtwqAS,0.896362,0.847032,-0.049
hopsdist,20,bfKHFfR8,0.743439,0.6990419999999999,-0.044
hopsdist,20,bvD5GSTE,0.995022,0.995022,0
hopsdist,20,EQKY3iUK,0.847032,0.797702,-0.049
hopsdist,20,ERf7L7VX,0.995022,0.896362,-0.099
hopsdist,20,F5VIGNAk,0.847032,0.945692,0.099
hopsdist,20,Fk9KAr2Z,0.945692,0.896362,-0.049
hopsdist,20,g88DapTc,0.995022,0.847032,-0.148
hopsdist,20,hnADzc3k,0.97529,0.8223670000000001,-0.153
hopsdist,20,jjVRkJbo,0.945692,0.945692,0
hopsdist,20,JRSkVids,0.8716969999999999,0.797702,-0.074
hopsdist,20,LiUSBIbs,0.995022,0.6497120000000001,-0.345
hopsdist,20,qw7Y3WE6,0.940759,0.945692,0.005
hopsdist,20,RJ0yK39m,0.995022,0.995022,0
hopsdist,20,TLjfV7aD,0.847032,0.625047,-0.222
hopsdist,25,1CxbYDi0,0.921027,0.896362,-0.025
hopsdist,25,3a63mASS,0.9851559999999999,0.9703569999999999,-0.015
hopsdist,25,7ucyRcab,0.896362,0.847032,-0.049
hopsdist,25,7VJnbhrH,0.896362,0.847032,-0.049
hopsdist,25,8dTEvjO4,0.995022,0.896362,-0.099
hopsdist,25,ApM8otwl,0.847032,0.797702,-0.049
hopsdist,25,AWr1hgkv,0.995022,0.995022,0
hopsdist,25,AxjtwqAS,0.8223670000000001,0.8223670000000001,0
hopsdist,25,bfKHFfR8,0.723707,0.723707,0
hopsdist,25,bvD5GSTE,0.995022,0.995022,0
hopsdist,25,EQKY3iUK,0.8716969999999999,0.797702,-0.074
hopsdist,25,ERf7L7VX,0.995022,0.896362,-0.099
hopsdist,25,F5VIGNAk,0.896362,0.921027,0.025
hopsdist,25,Fk9KAr2Z,0.9703569999999999,0.921027,-0.049
hopsdist,25,g88DapTc,0.995022,0.896362,-0.099
hopsdist,25,hnADzc3k,0.9654240000000001,0.6497120000000001,-0.316
hopsdist,25,jjVRkJbo,0.896362,0.945692,0.049
hopsdist,25,JRSkVids,0.896362,0.921027,0.025
hopsdist,25,LiUSBIbs,0.995022,0.6497120000000001,-0.345
hopsdist,25,qw7Y3WE6,0.945692,0.9703569999999999,0.025
hopsdist,25,RJ0yK39m,0.995022,0.995022,0
hopsdist,25,TLjfV7aD,0.847032,0.847032,0
hopsdist,30,1CxbYDi0,0.847032,0.797702,-0.049
hopsdist,30,3a63mASS,0.990089,0.551052,-0.439
hopsdist,30,7ucyRcab,0.847032,0.748372,-0.099
hopsdist,30,7VJnbhrH,0.896362,0.896362,0
hopsdist,30,8dTEvjO4,0.995022,0.995022,0
hopsdist,30,ApM8otwl,0.945692,0.945692,0
hopsdist,30,AWr1hgkv,0.995022,0.995022,0
hopsdist,30,AxjtwqAS,0.847032,0.748372,-0.099
hopsdist,30,bfKHFfR8,0.847032,0.723707,-0.123
hopsdist,30,bvD5GSTE,0.995022,0.995022,0
hopsdist,30,EQKY3iUK,0.945692,0.723707,-0.222
hopsdist,30,ERf7L7VX,0.995022,0.501722,-0.493
hopsdist,30,F5VIGNAk,0.8223670000000001,0.896362,0.074
hopsdist,30,Fk9KAr2Z,0.995022,0.921027,-0.074
hopsdist,30,g88DapTc,0.995022,0.896362,-0.099
hopsdist,30,hnADzc3k,0.9703569999999999,0.995022,0.025
hopsdist,30,jjVRkJbo,0.886496,0.896362,0.01
hopsdist,30,JRSkVids,0.896362,0.921027,0.025
hopsdist,30,LiUSBIbs,0.945692,0.945692,0
hopsdist,30,qw7Y3WE6,0.847032,0.610248,-0.237
hopsdist,30,RJ0yK39m,0.995022,0.995022,0
hopsdist,30,TLjfV7aD,0.847032,0.896362,0.049
interval,1,2rMOynRc,0.501722,0.501722,0
interval,1,5DZhfrMX,0.921027,0.8223670000000001,-0.099
interval,1,5rThdkyC,0.945692,0.945692,0
interval,1,6AXFCdZ9,0.797702,0.797702,0
interval,1,6hYtvkUt,0.565851,0.930893,0.365
interval,1,AR0XBZIP,0.625047,0.575717,-0.049
interval,1,azCvgawo,0.935826,0.886496,-0.049
interval,1,bijkrN4x,0.797702,0.551052,-0.247
interval,1,CdUu1H6o,0.995022,0.748372,-0.247
interval,1,dn0ceftL,0.8223670000000001,0.674377,-0.148
interval,1,FlkpZA5D,0.6497120000000001,0.847032,0.197
interval,1,giqrEsxa,0.758238,0.955558,0.197
interval,1,HJs83Q8g,0.896362,0.6990419999999999,-0.197
interval,1,HMvodXiB,0.797702,0.797702,0
interval,1,jRfV99uU,0.847032,0.6497120000000001,-0.197
interval,1,KWDgbGm4,0.600382,0.921027,0.321
interval,1,LvaztNSx,0.501722,0.995022,0.493
interval,1,n6Fb15Be,0.8716969999999999,0.797702,-0.074
interval,1,QA7eaZ58,0.610248,0.748372,0.138
interval,1,sAmbOGvp,0.758238,0.625047,-0.133
interval,1,xIEzpaRA,0.797702,0.847032,0.049
interval,1,yTxbkwCa,0.896362,0.847032,-0.049
interval,1,zjbadj2T,0.8716969999999999,0.847032,-0.025
interval,1,zMH4npNY,0.600382,0.748372,0.148
interval,1,zmUvANDx,0.501722,0.501722,0
interval,5,2rMOynRc,0.501722,0.797702,0.296
interval,5,5DZhfrMX,0.995022,0.921027,-0.074
interval,5,5rThdkyC,0.896362,0.847032,-0.049
interval,5,6AXFCdZ9,0.773037,0.773037,0
interval,5,6hYtvkUt,0.960491,0.930893,-0.03
interval,5,AR0XBZIP,0.8223670000000001,0.551052,-0.271
interval,5,azCvgawo,0.837166,0.8125009999999999,-0.025
interval,5,bijkrN4x,0.847032,0.797702,-0.049
interval,5,CdUu1H6o,0.995022,0.995022,0
interval,5,dn0ceftL,0.896362,0.625047,-0.271
interval,5,FlkpZA5D,0.6990419999999999,0.6497120000000001,-0.049
interval,5,giqrEsxa,0.935826,0.53132,-0.405
interval,5,HJs83Q8g,0.921027,0.847032,-0.074
interval,5,HMvodXiB,0.6990419999999999,0.8223670000000001,0.123
interval,5,jRfV99uU,0.847032,0.625047,-0.222
interval,5,KWDgbGm4,0.945692,0.625047,-0.321
interval,5,LvaztNSx,0.501722,0.995022,0.493
interval,5,n6Fb15Be,0.8716969999999999,0.797702,-0.074
interval,5,QA7eaZ58,0.713841,0.689176,-0.025
interval,5,sAmbOGvp,0.9703569999999999,0.797702,-0.173
interval,5,xIEzpaRA,0.945692,0.945692,0
interval,5,yTxbkwCa,0.896362,0.847032,-0.049
interval,5,zjbadj2T,0.8716969999999999,0.797702,-0.074
interval,5,zMH4npNY,0.847032,0.8223670000000001,-0.025
interval,5,zmUvANDx,0.995022,0.8716969999999999,-0.123
interval,10,2rMOynRc,0.501722,0.896362,0.395
interval,10,5DZhfrMX,0.995022,0.995022,0
interval,10,5rThdkyC,0.995022,0.896362,-0.099
interval,10,6AXFCdZ9,0.773037,0.797702,0.025
interval,10,6hYtvkUt,0.541186,0.940759,0.4
interval,10,AR0XBZIP,0.6990419999999999,0.748372,0.049
interval,10,azCvgawo,0.659578,0.787836,0.128
interval,10,bijkrN4x,0.773037,0.748372,-0.025
interval,10,CdUu1H6o,0.995022,0.995022,0
interval,10,dn0ceftL,0.9703569999999999,0.8075680000000001,-0.163
interval,10,FlkpZA5D,0.748372,0.797702,0.049
interval,10,giqrEsxa,0.945692,0.896362,-0.049
interval,10,HJs83Q8g,0.921027,0.896362,-0.025
interval,10,HMvodXiB,0.6990419999999999,0.797702,0.099
interval,10,jRfV99uU,0.9654240000000001,0.575717,-0.39
interval,10,KWDgbGm4,0.995022,0.995022,0
interval,10,LvaztNSx,0.501722,0.995022,0.493
interval,10,n6Fb15Be,0.8716969999999999,0.8716969999999999,0
interval,10,QA7eaZ58,0.758238,0.6497120000000001,-0.109
interval,10,sAmbOGvp,0.896362,0.9851559999999999,0.089
interval,10,xIEzpaRA,0.600382,0.748372,0.148
interval,10,yTxbkwCa,0.896362,0.847032,-0.049
interval,10,zjbadj2T,0.921027,0.995022,0.074
interval,10,zMH4npNY,0.6990419999999999,0.8223670000000001,0.123
interval,10,zmUvANDx,0.995022,0.625047,-0.37
interval,15,2rMOynRc,0.995022,0.896362,-0.099
interval,15,5DZhfrMX,0.921027,0.945692,0.025
interval,15,5rThdkyC,0.896362,0.945692,0.049
interval,15,6AXFCdZ9,0.8716969999999999,0.748372,-0.123
interval,15,6hYtvkUt,0.6349130000000001,0.610248,-0.025
interval,15,AR0XBZIP,0.995022,0.674377,-0.321
interval,15,azCvgawo,0.955558,0.92596,-0.03
interval,15,bijkrN4x,0.995022,0.6990419999999999,-0.296
interval,15,CdUu1H6o,0.995022,0.995022,0
interval,15,dn0ceftL,0.995022,0.896362,-0.099
interval,15,FlkpZA5D,0.990089,0.6497120000000001,-0.34
interval,15,giqrEsxa,0.950625,0.945692,-0.005
interval,15,HJs83Q8g,0.847032,0.896362,0.049
interval,15,HMvodXiB,0.8223670000000001,0.896362,0.074
interval,15,jRfV99uU,0.8223670000000001,0.600382,-0.222
interval,15,KWDgbGm4,0.995022,0.847032,-0.148
interval,15,LvaztNSx,0.995022,0.995022,0
interval,15,n6Fb15Be,0.8716969999999999,0.847032,-0.025
interval,15,QA7eaZ58,0.802635,0.733573,-0.069
interval,15,sAmbOGvp,0.9654240000000001,0.945692,-0.02
interval,15,xIEzpaRA,0.847032,0.945692,0.099
interval,15,yTxbkwCa,0.9703569999999999,0.945692,-0.025
interval,15,zjbadj2T,0.995022,0.797702,-0.197
interval,15,zMH4npNY,0.8716969999999999,0.847032,-0.025
interval,15,zmUvANDx,0.896362,0.945692,0.049
interval,20,2rMOynRc,0.995022,0.896362,-0.099
interval,20,5DZhfrMX,0.995022,0.995022,0
interval,20,5rThdkyC,0.995022,0.945692,-0.049
interval,20,6AXFCdZ9,0.797702,0.8223670000000001,0.025
interval,20,6hYtvkUt,0.6349130000000001,0.940759,0.306
interval,20,AR0XBZIP,0.896362,0.723707,-0.173
interval,20,azCvgawo,0.817434,0.8075680000000001,-0.01
interval,20,bijkrN4x,0.990089,0.945692,-0.044
interval,20,CdUu1H6o,0.995022,0.995022,0
interval,20,dn0ceftL,0.9703569999999999,0.8716969999999999,-0.099
interval,20,FlkpZA5D,0.990089,0.797702,-0.192
interval,20,giqrEsxa,0.595449,0.526387,-0.069
interval,20,HJs83Q8g,0.945692,0.847032,-0.099
interval,20,HMvodXiB,0.8223670000000001,0.8716969999999999,0.049
interval,20,jRfV99uU,0.625047,0.8223670000000001,0.197
interval,20,KWDgbGm4,0.995022,0.995022,0
interval,20,LvaztNSx,0.995022,0.995022,0
interval,20,n6Fb15Be,0.8716969999999999,0.921027,0.049
interval,20,QA7eaZ58,0.847032,0.896362,0.049
interval,20,sAmbOGvp,0.950625,0.921027,-0.03
interval,20,xIEzpaRA,0.896362,0.945692,0.049
interval,20,yTxbkwCa,0.945692,0.896362,-0.049
interval,20,zjbadj2T,0.995022,0.995022,0
interval,20,zMH4npNY,0.896362,0.847032,-0.049
interval,20,zmUvANDx,0.995022,0.995022,0
interval,25,2rMOynRc,0.995022,0.995022,0
interval,25,5DZhfrMX,0.995022,0.921027,-0.074
interval,25,5rThdkyC,0.995022,0.945692,-0.049
interval,25,6AXFCdZ9,0.8223670000000001,0.8223670000000001,0
interval,25,6hYtvkUt,0.960491,0.605315,-0.355
interval,25,AR0XBZIP,0.6990419999999999,0.773037,0.074
interval,25,azCvgawo,0.911161,0.787836,-0.123
interval,25,bijkrN4x,0.945692,0.990089,0.044
interval,25,CdUu1H6o,0.995022,0.995022,0
interval,25,dn0ceftL,0.9703569999999999,0.886496,-0.084
interval,25,FlkpZA5D,0.945692,0.748372,-0.197
interval,25,giqrEsxa,0.955558,0.955558,0
interval,25,HJs83Q8g,0.9703569999999999,0.945692,-0.025
interval,25,HMvodXiB,0.896362,0.945692,0.049
interval,25,jRfV99uU,0.9703569999999999,0.921027,-0.049
interval,25,KWDgbGm4,0.995022,0.995022,0
interval,25,LvaztNSx,0.995022,0.995022,0
interval,25,n6Fb15Be,0.8716969999999999,0.945692,0.074
interval,25,QA7eaZ58,0.7927690000000001,0.8272999999999999,0.035
interval,25,sAmbOGvp,0.9851559999999999,0.896362,-0.089
interval,25,xIEzpaRA,0.625047,0.847032,0.222
interval,25,yTxbkwCa,0.945692,0.945692,0
interval,25,zjbadj2T,0.995022,0.896362,-0.099
interval,25,zMH4npNY,0.896362,0.797702,-0.099
interval,25,zmUvANDx,0.995022,0.995022,0
interval,30,2rMOynRc,0.995022,0.797702,-0.197
interval,30,5DZhfrMX,0.995022,0.995022,0
interval,30,5rThdkyC,0.995022,0.990089,-0.005
interval,30,6AXFCdZ9,0.8223670000000001,0.8716969999999999,0.049
interval,30,6hYtvkUt,0.62998,0.575717,-0.054
interval,30,AR0XBZIP,0.995022,0.674377,-0.321
interval,30,azCvgawo,0.945692,0.886496,-0.059
interval,30,bijkrN4x,0.995022,0.8716969999999999,-0.123
interval,30,CdUu1H6o,0.995022,0.995022,0
interval,30,dn0ceftL,0.995022,0.8716969999999999,-0.123
interval,30,FlkpZA5D,0.945692,0.896362,-0.049
interval,30,giqrEsxa,0.955558,0.950625,-0.005
interval,30,HJs83Q8g,0.995022,0.945692,-0.049
interval,30,HMvodXiB,0.847032,0.896362,0.049
interval,30,jRfV99uU,0.521454,0.8716969999999999,0.35
interval,30,KWDgbGm4,0.995022,0.995022,0
interval,30,LvaztNSx,0.995022,0.995022,0
interval,30,n6Fb15Be,0.8716969999999999,0.8716969999999999,0
interval,30,QA7eaZ58,0.748372,0.738506,-0.01
interval,30,sAmbOGvp,0.9703569999999999,0.960491,-0.01
interval,30,xIEzpaRA,0.945692,0.6990419999999999,-0.247
interval,30,yTxbkwCa,0.945692,0.896362,-0.049
interval,30,zjbadj2T,0.995022,0.995022,0
interval,30,zMH4npNY,0.995022,0.625047,-0.37
interval,30,zmUvANDx,0.995022,0.8716969999999999,-0.123
point,1,13ALfEli,0.797702,0.797702,0
point,1,49IVMYWn,0.6497120000000001,0.501722,-0.148
point,1,6bPeDxK2,0.6497120000000001,0.6497120000000001,0
point,1,73pjFxSt,0.995022,0.995022,0
point,1,a3sNCAlt,0.896362,0.501722,-0.395
point,1,Ckqp0S6g,0.837166,0.560918,-0.276
point,1,CWm8UHdR,0.995022,0.995022,0
point,1,diRsvrSp,0.995022,0.995022,0
point,1,DONO5fOK,0.6497120000000001,0.674377,0.025
point,1,E59UVtDr,0.625047,0.8716969999999999,0.247
point,1,eMUmMQGE,0.797702,0.723707,-0.074
point,1,ERx33R94,0.6990419999999999,0.6990419999999999,0
point,1,f2gacKfC,0.837166,0.551052,-0.286
point,1,f4xt2odB,0.6990419999999999,0.748372,0.049
point,1,f5LKgqpQ,0.501722,0.501722,0
point,1,FV3btokM,0.995022,0.995022,0
point,1,FvkXyNfJ,0.625047,0.723707,0.099
point,1,fzvUmShi,0.501722,0.995022,0.493
point,1,g1VQzaaH,0.600382,0.748372,0.148
point,1,HnGQuT00,0.674377,0.847032,0.173
point,1,iqmer3KI,0.995022,0.995022,0
point,1,L81uYnFP,0.921027,0.921027,0
point,1,M2wTjbSE,0.896362,0.995022,0.099
point,1,nP3o6Xld,0.600382,0.8716969999999999,0.271
point,1,TF24R4Vr,0.797702,0.945692,0.148
point,1,v2e8aGQ4,0.847032,0.6497120000000001,-0.197
point,1,vfzDKPXv,0.6497120000000001,0.950625,0.301
point,1,xDD5eppb,0.797702,0.921027,0.123
point,5,13ALfEli,0.847032,0.6990419999999999,-0.148
point,5,49IVMYWn,0.8223670000000001,0.600382,-0.222
point,5,6bPeDxK2,0.847032,0.659578,-0.187
point,5,73pjFxSt,0.995022,0.995022,0
point,5,a3sNCAlt,0.995022,0.995022,0
point,5,Ckqp0S6g,0.960491,0.9703569999999999,0.01
point,5,CWm8UHdR,0.995022,0.501722,-0.493
point,5,diRsvrSp,0.995022,0.995022,0
point,5,DONO5fOK,0.600382,0.625047,0.025
point,5,E59UVtDr,0.72864,0.896362,0.168
point,5,eMUmMQGE,0.995022,0.945692,-0.049
point,5,ERx33R94,0.797702,0.575717,-0.222
point,5,f2gacKfC,0.615181,0.9703569999999999,0.355
point,5,f4xt2odB,0.847032,0.6990419999999999,-0.148
point,5,f5LKgqpQ,0.995022,0.501722,-0.493
point,5,FV3btokM,0.995022,0.995022,0
point,5,FvkXyNfJ,0.921027,0.674377,-0.247
point,5,fzvUmShi,0.995022,0.995022,0
point,5,g1VQzaaH,0.995022,0.896362,-0.099
point,5,HnGQuT00,0.8223670000000001,0.797702,-0.025
point,5,iqmer3KI,0.995022,0.995022,0
point,5,L81uYnFP,0.995022,0.847032,-0.148
point,5,M2wTjbSE,0.995022,0.995022,0
point,5,nP3o6Xld,0.896362,0.625047,-0.271
point,5,TF24R4Vr,0.8716969999999999,0.753305,-0.118
point,5,v2e8aGQ4,0.995022,0.600382,-0.395
point,5,vfzDKPXv,0.930893,0.516521,-0.414
point,5,xDD5eppb,0.8223670000000001,0.551052,-0.271
point,10,13ALfEli,0.847032,0.797702,-0.049
point,10,49IVMYWn,0.6497120000000001,0.625047,-0.025
point,10,6bPeDxK2,0.8223670000000001,0.8716969999999999,0.049
point,10,73pjFxSt,0.995022,0.995022,0
point,10,a3sNCAlt,0.995022,0.995022,0
point,10,Ckqp0S6g,0.955558,0.9703569999999999,0.015
point,10,CWm8UHdR,0.995022,0.995022,0
point,10,diRsvrSp,0.995022,0.995022,0
point,10,DONO5fOK,0.600382,0.748372,0.148
point,10,E59UVtDr,0.6497120000000001,0.797702,0.148
point,10,eMUmMQGE,0.995022,0.995022,0
point,10,ERx33R94,0.8223670000000001,0.847032,0.025
point,10,f2gacKfC,0.585583,0.526387,-0.059
point,10,f4xt2odB,0.8223670000000001,0.748372,-0.074
point,10,f5LKgqpQ,0.995022,0.995022,0
point,10,FV3btokM,0.995022,0.995022,0
point,10,FvkXyNfJ,0.625047,0.8223670000000001,0.197
point,10,fzvUmShi,0.995022,0.995022,0
point,10,g1VQzaaH,0.995022,0.748372,-0.247
point,10,HnGQuT00,0.6990419999999999,0.8716969999999999,0.173
point,10,iqmer3KI,0.995022,0.995022,0
point,10,L81uYnFP,0.9703569999999999,0.995022,0.025
point,10,M2wTjbSE,0.995022,0.995022,0
point,10,nP3o6Xld,0.797702,0.625047,-0.173
point,10,TF24R4Vr,0.891429,0.7927690000000001,-0.099
point,10,v2e8aGQ4,0.995022,0.995022,0
point,10,vfzDKPXv,0.555985,0.541186,-0.015
point,10,xDD5eppb,0.8716969999999999,0.8716969999999999,0
point,15,13ALfEli,0.847032,0.6990419999999999,-0.148
point,15,49IVMYWn,0.896362,0.674377,-0.222
point,15,6bPeDxK2,0.8223670000000001,0.8716969999999999,0.049
point,15,73pjFxSt,0.995022,0.995022,0
point,15,a3sNCAlt,0.995022,0.995022,0
point,15,Ckqp0S6g,0.570784,0.9703569999999999,0.4
point,15,CWm8UHdR,0.995022,0.995022,0
point,15,diRsvrSp,0.995022,0.995022,0
point,15,DONO5fOK,0.896362,0.600382,-0.296
point,15,E59UVtDr,0.921027,0.8716969999999999,-0.049
point,15,eMUmMQGE,0.995022,0.896362,-0.099
point,15,ERx33R94,0.921027,0.723707,-0.197
point,15,f2gacKfC,0.600382,0.551052,-0.049
point,15,f4xt2odB,0.995022,0.748372,-0.247
point,15,f5LKgqpQ,0.995022,0.995022,0
point,15,FV3btokM,0.995022,0.995022,0
point,15,FvkXyNfJ,0.921027,0.847032,-0.074
point,15,fzvUmShi,0.995022,0.995022,0
point,15,g1VQzaaH,0.896362,0.995022,0.099
point,15,HnGQuT00,0.8716969999999999,0.8223670000000001,-0.049
point,15,iqmer3KI,0.995022,0.995022,0
point,15,L81uYnFP,0.995022,0.945692,-0.049
point,15,M2wTjbSE,0.995022,0.995022,0
point,15,nP3o6Xld,0.995022,0.8716969999999999,-0.123
point,15,TF24R4Vr,0.787836,0.861831,0.074
point,15,v2e8aGQ4,0.896362,0.896362,0
point,15,vfzDKPXv,0.916094,0.53132,-0.385
point,15,xDD5eppb,0.9851559999999999,0.625047,-0.36
point,20,13ALfEli,0.896362,0.847032,-0.049
point,20,49IVMYWn,0.9703569999999999,0.995022,0.025
point,20,6bPeDxK2,0.847032,0.896362,0.049
point,20,73pjFxSt,0.995022,0.995022,0
point,20,a3sNCAlt,0.995022,0.995022,0
point,20,Ckqp0S6g,0.960491,0.546119,-0.414
point,20,CWm8UHdR,0.995022,0.995022,0
point,20,diRsvrSp,0.995022,0.995022,0
point,20,DONO5fOK,0.551052,0.896362,0.345
point,20,E59UVtDr,0.847032,0.847032,0
point,20,eMUmMQGE,0.995022,0.995022,0
point,20,ERx33R94,0.8716969999999999,0.797702,-0.074
point,20,f2gacKfC,0.595449,0.955558,0.36
point,20,f4xt2odB,0.995022,0.8223670000000001,-0.173
point,20,f5LKgqpQ,0.995022,0.995022,0
point,20,FV3btokM,0.995022,0.995022,0
point,20,FvkXyNfJ,0.896362,0.896362,0
point,20,fzvUmShi,0.995022,0.995022,0
point,20,g1VQzaaH,0.995022,0.8420989999999999,-0.153
point,20,HnGQuT00,0.797702,0.8716969999999999,0.074
point,20,iqmer3KI,0.995022,0.995022,0
point,20,L81uYnFP,0.995022,0.945692,-0.049
point,20,M2wTjbSE,0.995022,0.995022,0
point,20,nP3o6Xld,0.995022,0.921027,-0.074
point,20,TF24R4Vr,0.8272999999999999,0.802635,-0.025
point,20,v2e8aGQ4,0.995022,0.995022,0
point,20,vfzDKPXv,0.560918,0.53132,-0.03
point,20,xDD5eppb,0.945692,0.773037,-0.173
point,25,13ALfEli,0.896362,0.847032,-0.049
point,25,49IVMYWn,0.8716969999999999,0.995022,0.123
point,25,6bPeDxK2,0.847032,0.896362,0.049
point,25,73pjFxSt,0.995022,0.995022,0
point,25,a3sNCAlt,0.995022,0.995022,0
point,25,Ckqp0S6g,0.590516,0.9703569999999999,0.38
point,25,CWm8UHdR,0.995022,0.995022,0
point,25,diRsvrSp,0.995022,0.995022,0
point,25,DONO5fOK,0.921027,0.896362,-0.025
point,25,E59UVtDr,0.921027,0.921027,0
point,25,eMUmMQGE,0.995022,0.995022,0
point,25,ERx33R94,0.9703569999999999,0.723707,-0.247
point,25,f2gacKfC,0.605315,0.551052,-0.054
point,25,f4xt2odB,0.995022,0.8223670000000001,-0.173
point,25,f5LKgqpQ,0.995022,0.995022,0
point,25,FV3btokM,0.995022,0.995022,0
point,25,FvkXyNfJ,0.8716969999999999,0.8716969999999999,0
point,25,fzvUmShi,0.995022,0.995022,0
point,25,g1VQzaaH,0.995022,0.995022,0
point,25,HnGQuT00,0.797702,0.847032,0.049
point,25,iqmer3KI,0.995022,0.995022,0
point,25,L81uYnFP,0.995022,0.995022,0
point,25,M2wTjbSE,0.995022,0.995022,0
point,25,nP3o6Xld,0.945692,0.674377,-0.271
point,25,TF24R4Vr,0.797702,0.921027,0.123
point,25,v2e8aGQ4,0.995022,0.995022,0
point,25,vfzDKPXv,0.945692,0.9703569999999999,0.025
point,25,xDD5eppb,0.9703569999999999,0.6990419999999999,-0.271
point,30,13ALfEli,0.847032,0.896362,0.049
point,30,49IVMYWn,0.995022,0.674377,-0.321
point,30,6bPeDxK2,0.8223670000000001,0.847032,0.025
point,30,73pjFxSt,0.995022,0.995022,0
point,30,a3sNCAlt,0.9802230000000001,0.995022,0.015
point,30,Ckqp0S6g,0.590516,0.9703569999999999,0.38
point,30,CWm8UHdR,0.995022,0.995022,0
point,30,diRsvrSp,0.995022,0.995022,0
point,30,DONO5fOK,0.921027,0.847032,-0.074
point,30,E59UVtDr,0.8716969999999999,0.847032,-0.025
point,30,eMUmMQGE,0.995022,0.995022,0
point,30,ERx33R94,0.995022,0.8223670000000001,-0.173
point,30,f2gacKfC,0.960491,0.551052,-0.409
point,30,f4xt2odB,0.995022,0.8223670000000001,-0.173
point,30,f5LKgqpQ,0.995022,0.995022,0
point,30,FV3btokM,0.995022,0.995022,0
point,30,FvkXyNfJ,0.995022,0.995022,0
point,30,fzvUmShi,0.995022,0.995022,0
point,30,g1VQzaaH,0.995022,0.8716969999999999,-0.123
point,30,HnGQuT00,0.847032,0.847032,0
point,30,iqmer3KI,0.995022,0.995022,0
point,30,L81uYnFP,0.995022,0.995022,0
point,30,M2wTjbSE,0.995022,0.995022,0
point,30,nP3o6Xld,0.995022,0.797702,-0.197
point,30,TF24R4Vr,0.797702,0.847032,0.049
point,30,v2e8aGQ4,0.995022,0.995022,0
point,30,vfzDKPXv,0.58065,0.536253,-0.044
point,30,xDD5eppb,0.8223670000000001,0.896362,0.074
table,1,3Av6mKCU,0.748372,0.797702,0.049
table,1,3ndBz7Qo,0.6990419999999999,0.847032,0.148
table,1,5WKDa2Ef,0.551052,0.625047,0.074
table,1,AzFffxWV,0.8716969999999999,0.797702,-0.074
table,1,bYY2jRXC,0.945692,0.896362,-0.049
table,1,DBQIKx8Z,0.625047,0.748372,0.123
table,1,DxOS1qMI,0.6990419999999999,0.797702,0.099
table,1,GkcZEM1X,0.551052,0.797702,0.247
table,1,gkKtpet7,0.600382,0.6497120000000001,0.049
table,1,ixnlV8AS,0.896362,0.995022,0.099
table,1,kcjVVfCK,0.600382,0.600382,0
table,1,Ke6AO54Z,0.6990419999999999,0.625047,-0.074
table,1,NYIo95xY,0.995022,0.995022,0
table,1,o0vmJ33w,0.886496,0.674377,-0.212
table,1,RxaxieZl,0.506655,0.506655,0
table,1,sfqKoI60,0.6990419999999999,0.600382,-0.099
table,1,sXf1t2TC,0.995022,0.990089,-0.005
table,1,wcNpYsey,0.58065,0.521454,-0.059
table,1,XWGQKCYK,0.501722,0.748372,0.247
table,1,Y1nt7yaG,0.625047,0.896362,0.271
table,1,YiuoCenX,0.896362,0.9703569999999999,0.074
table,1,YzzaZbQb,0.625047,0.625047,0
table,1,ZNgZUovw,0.551052,0.945692,0.395
table,1,zPh3til0,0.832233,0.950625,0.118
table,5,3Av6mKCU,0.600382,0.896362,0.296
table,5,3ndBz7Qo,0.6990419999999999,0.6990419999999999,0
table,5,5WKDa2Ef,0.8716969999999999,0.600382,-0.271
table,5,AzFffxWV,0.896362,0.896362,0
table,5,bYY2jRXC,0.748372,0.921027,0.173
table,5,DBQIKx8Z,0.995022,0.797702,-0.197
table,5,DxOS1qMI,0.723707,0.773037,0.049
table,5,GkcZEM1X,0.9703569999999999,0.600382,-0.37
table,5,gkKtpet7,0.847032,0.6990419999999999,-0.148
table,5,ixnlV8AS,0.995022,0.600382,-0.395
table,5,kcjVVfCK,0.847032,0.600382,-0.247
table,5,Ke6AO54Z,0.797702,0.600382,-0.197
table,5,NYIo95xY,0.995022,0.995022,0
table,5,o0vmJ33w,0.945692,0.8716969999999999,-0.074
table,5,RxaxieZl,0.9851559999999999,0.990089,0.005
table,5,sfqKoI60,0.847032,0.551052,-0.296
table,5,sXf1t2TC,0.995022,0.995022,0
table,5,wcNpYsey,0.600382,0.787836,0.187
table,5,XWGQKCYK,0.896362,0.748372,-0.148
table,5,Y1nt7yaG,0.9703569999999999,0.945692,-0.025
table,5,YiuoCenX,0.921027,0.935826,0.015
table,5,YzzaZbQb,0.896362,0.575717,-0.321
table,5,ZNgZUovw,0.797702,0.945692,0.148
table,5,zPh3til0,0.935826,0.881563,-0.054
table,10,3Av6mKCU,0.575717,0.748372,0.173
table,10,3ndBz7Qo,0.847032,0.748372,-0.099
table,10,5WKDa2Ef,0.921027,0.773037,-0.148
table,10,AzFffxWV,0.9703569999999999,0.8223670000000001,-0.148
table,10,bYY2jRXC,0.896362,0.945692,0.049
table,10,DBQIKx8Z,0.945692,0.995022,0.049
table,10,DxOS1qMI,0.723707,0.748372,0.025
table,10,GkcZEM1X,0.9851559999999999,0.945692,-0.039
table,10,gkKtpet7,0.847032,0.748372,-0.099
table,10,ixnlV8AS,0.995022,0.896362,-0.099
table,10,kcjVVfCK,0.921027,0.797702,-0.123
table,10,Ke6AO54Z,0.625047,0.600382,-0.025
table,10,NYIo95xY,0.995022,0.995022,0
table,10,o0vmJ33w,0.921027,0.945692,0.025
table,10,RxaxieZl,0.511588,0.511588,0
table,10,sfqKoI60,0.797702,0.6990419999999999,-0.099
table,10,sXf1t2TC,0.995022,0.995022,0
table,10,wcNpYsey,0.945692,0.506655,-0.439
table,10,XWGQKCYK,0.995022,0.748372,-0.247
table,10,Y1nt7yaG,0.945692,0.995022,0.049
table,10,YiuoCenX,0.8223670000000001,0.995022,0.173
table,10,YzzaZbQb,0.797702,0.945692,0.148
table,10,ZNgZUovw,0.6990419999999999,0.551052,-0.148
table,10,zPh3til0,0.945692,0.555985,-0.39
table,15,3Av6mKCU,0.600382,0.847032,0.247
table,15,3ndBz7Qo,0.8223670000000001,0.797702,-0.025
table,15,5WKDa2Ef,0.945692,0.674377,-0.271
table,15,AzFffxWV,0.945692,0.8716969999999999,-0.074
table,15,bYY2jRXC,0.921027,0.896362,-0.025
table,15,DBQIKx8Z,0.995022,0.995022,0
table,15,DxOS1qMI,0.896362,0.723707,-0.173
table,15,GkcZEM1X,0.9851559999999999,0.945692,-0.039
table,15,gkKtpet7,0.995022,0.797702,-0.197
table,15,ixnlV8AS,0.995022,0.896362,-0.099
table,15,kcjVVfCK,0.9851559999999999,0.748372,-0.237
table,15,Ke6AO54Z,0.847032,0.6990419999999999,-0.148
table,15,NYIo95xY,0.995022,0.995022,0
table,15,o0vmJ33w,0.995022,0.9703569999999999,-0.025
table,15,RxaxieZl,0.516521,0.511588,-0.005
table,15,sfqKoI60,0.990089,0.6497120000000001,-0.34
table,15,sXf1t2TC,0.995022,0.995022,0
table,15,wcNpYsey,0.6497120000000001,0.521454,-0.128
table,15,XWGQKCYK,0.995022,0.6990419999999999,-0.296
table,15,Y1nt7yaG,0.995022,0.945692,-0.049
table,15,YiuoCenX,0.8716969999999999,0.551052,-0.321
table,15,YzzaZbQb,0.990089,0.896362,-0.094
table,15,ZNgZUovw,0.995022,0.6990419999999999,-0.296
table,15,zPh3til0,0.950625,0.541186,-0.409
table,20,3Av6mKCU,0.600382,0.6990419999999999,0.099
table,20,3ndBz7Qo,0.847032,0.625047,-0.222
table,20,5WKDa2Ef,0.8716969999999999,0.921027,0.049
table,20,AzFffxWV,0.9703569999999999,0.8223670000000001,-0.148
table,20,bYY2jRXC,0.945692,0.921027,-0.025
table,20,DBQIKx8Z,0.995022,0.995022,0
table,20,DxOS1qMI,0.748372,0.6497120000000001,-0.099
table,20,GkcZEM1X,0.945692,0.896362,-0.049
table,20,gkKtpet7,0.896362,0.797702,-0.099
table,20,ixnlV8AS,0.995022,0.501722,-0.493
table,20,kcjVVfCK,0.945692,0.797702,-0.148
table,20,Ke6AO54Z,0.748372,0.625047,-0.123
table,20,NYIo95xY,0.995022,0.995022,0
table,20,o0vmJ33w,0.9851559999999999,0.896362,-0.089
table,20,RxaxieZl,0.9851559999999999,0.511588,-0.474
table,20,sfqKoI60,0.896362,0.847032,-0.049
table,20,sXf1t2TC,0.995022,0.995022,0
table,20,wcNpYsey,0.575717,0.886496,0.311
table,20,XWGQKCYK,0.995022,0.995022,0
table,20,Y1nt7yaG,0.945692,0.995022,0.049
table,20,YiuoCenX,0.8223670000000001,0.674377,-0.148
table,20,YzzaZbQb,0.945692,0.8716969999999999,-0.074
table,20,ZNgZUovw,0.748372,0.748372,0
table,20,zPh3til0,0.595449,0.921027,0.326
table,25,3Av6mKCU,0.896362,0.575717,-0.321
table,25,3ndBz7Qo,0.8716969999999999,0.847032,-0.025
table,25,5WKDa2Ef,0.8716969999999999,0.8716969999999999,0
table,25,AzFffxWV,0.896362,0.847032,-0.049
table,25,bYY2jRXC,0.945692,0.8716969999999999,-0.074
table,25,DBQIKx8Z,0.995022,0.995022,0
table,25,DxOS1qMI,0.748372,0.6990419999999999,-0.049
table,25,GkcZEM1X,0.921027,0.9802230000000001,0.059
table,25,gkKtpet7,0.945692,0.847032,-0.099
table,25,ixnlV8AS,0.995022,0.600382,-0.395
table,25,kcjVVfCK,0.9703569999999999,0.847032,-0.123
table,25,Ke6AO54Z,0.748372,0.625047,-0.123
table,25,NYIo95xY,0.995022,0.995022,0
table,25,o0vmJ33w,0.995022,0.945692,-0.049
table,25,RxaxieZl,0.516521,0.9851559999999999,0.469
table,25,sfqKoI60,0.945692,0.896362,-0.049
table,25,sXf1t2TC,0.995022,0.995022,0
table,25,wcNpYsey,0.575717,0.506655,-0.069
table,25,XWGQKCYK,0.995022,0.995022,0
table,25,Y1nt7yaG,0.945692,0.995022,0.049
table,25,YiuoCenX,0.921027,0.8716969999999999,-0.049
table,25,YzzaZbQb,0.9703569999999999,0.9703569999999999,0
table,25,ZNgZUovw,0.995022,0.551052,-0.444
table,25,zPh3til0,0.955558,0.546119,-0.409
table,30,3Av6mKCU,0.945692,0.713841,-0.232
table,30,3ndBz7Qo,0.8716969999999999,0.748372,-0.123
table,30,5WKDa2Ef,0.995022,0.674377,-0.321
table,30,AzFffxWV,0.945692,0.797702,-0.148
table,30,bYY2jRXC,0.9703569999999999,0.945692,-0.025
table,30,DBQIKx8Z,0.995022,0.8716969999999999,-0.123
table,30,DxOS1qMI,0.77797,0.723707,-0.054
table,30,GkcZEM1X,0.945692,0.896362,-0.049
table,30,gkKtpet7,0.995022,0.995022,0
table,30,ixnlV8AS,0.995022,0.896362,-0.099
table,30,kcjVVfCK,0.945692,0.797702,-0.148
table,30,Ke6AO54Z,0.995022,0.600382,-0.395
table,30,NYIo95xY,0.995022,0.995022,0
table,30,o0vmJ33w,0.995022,0.9703569999999999,-0.025
table,30,RxaxieZl,0.516521,0.97529,0.459
table,30,sfqKoI60,0.945692,0.896362,-0.049
table,30,sXf1t2TC,0.995022,0.995022,0
table,30,wcNpYsey,0.847032,0.9802230000000001,0.133
table,30,XWGQKCYK,0.995022,0.995022,0
table,30,Y1nt7yaG,0.945692,0.995022,0.049
table,30,YiuoCenX,0.921027,0.921027,0
table,30,YzzaZbQb,0.9703569999999999,0.9703569999999999,0
table,30,ZNgZUovw,0.995022,0.748372,-0.247
table,30,zPh3til0,0.955558,0.546119,-0.409
